y_true,y_pred,y_prob
1,1,0.9993255138397217
1,1,0.9983721375465393
0,0,0.006004301365464926
0,0,0.026888133957982063
0,0,0.021323563531041145
0,0,0.0190135408192873
0,0,0.0020214549731463194
1,1,0.9954054355621338
1,1,0.9725342988967896
1,1,0.9993636012077332
0,0,0.4151802957057953
1,1,0.982890784740448
0,0,0.0023208195343613625
0,0,0.047510743141174316
1,1,0.9990969896316528
1,1,0.9929991960525513
0,0,0.0010177744552493095
1,1,0.9920012950897217
1,1,0.9950679540634155
1,1,0.7785254120826721
0,0,0.05640239268541336
1,1,0.9988678693771362
0,0,0.014453726820647717
0,0,0.006292227189987898
1,1,0.9968486428260803
0,0,0.011040735989809036
1,1,0.9950750470161438
1,1,0.9966615438461304
1,1,0.9849531650543213
0,0,0.0014588214689865708
0,0,0.04275500029325485
0,0,0.08505097776651382
1,1,0.9948534369468689
0,0,0.0009206258109770715
0,0,0.01845611445605755
1,1,0.9473357796669006
0,0,0.03676312416791916
0,0,0.00461753411218524
0,0,0.020537253469228745
0,0,0.017610270529985428
1,1,0.9821993112564087
0,0,0.014555653557181358
0,0,0.002939149271696806
0,0,0.05718464031815529
0,0,0.02599792554974556
0,0,0.014307787641882896
0,0,0.010144220665097237
1,1,0.9904990792274475
1,1,0.9991745352745056
1,1,0.9973359704017639
0,0,0.012319466099143028
0,0,0.002167902421206236
1,1,0.9992923736572266
0,0,0.014810830354690552
1,1,0.9928488731384277
0,0,0.02683313377201557
1,1,0.9977235198020935
0,0,0.013821175321936607
0,0,0.020319420844316483
0,0,0.004269914701581001
0,0,0.030105572193861008
1,0,0.028153397142887115
1,1,0.9956619143486023
1,1,0.9899054169654846
1,1,0.7992348074913025
0,0,0.013268130831420422
0,0,0.011469218879938126
0,0,0.06718869507312775
1,1,0.9899970293045044
0,0,0.0031464833300560713
1,1,0.9970847964286804
1,1,0.9736748337745667
0,0,0.03163475915789604
0,0,0.006547013763338327
1,1,0.9989873766899109
0,0,0.03150442987680435
0,0,0.002050307346507907
1,1,0.9835476279258728
0,0,0.06231403723359108
1,1,0.9860073328018188
0,0,0.1730216145515442
0,1,0.505424439907074
1,1,0.9993934631347656
1,1,0.9962207674980164
1,1,0.997368335723877
0,0,0.08290164917707443
0,0,0.022815188392996788
1,1,0.9959551095962524
1,1,0.9972911477088928
1,1,0.9874075651168823
1,1,0.9956455826759338
1,1,0.9864593744277954
0,0,0.00271183461882174
0,0,0.002933996031060815
0,0,0.0015455259708687663
0,0,0.006786668673157692
0,0,0.0027741349767893553
1,1,0.9130642414093018
0,0,0.009634630754590034
0,0,0.011239583604037762
1,1,0.9977276921272278
0,0,0.04807431250810623
0,0,0.017589008435606956
1,1,0.9959152340888977
0,0,0.011791414581239223
0,0,0.03395560756325722
0,0,0.008572924882173538
1,1,0.9575945734977722
1,1,0.9892645478248596
1,0,0.20775379240512848
1,1,0.998504638671875
0,0,0.017354600131511688
1,1,0.9991368651390076
1,1,0.9825765490531921
1,1,0.9977668523788452
0,0,0.00310038635507226
0,0,0.016317924484610558
1,1,0.997613787651062
1,1,0.9622070789337158
1,1,0.9952994585037231
0,0,0.0017704033525660634
0,0,0.022851338610053062
0,0,0.18070536851882935
0,0,0.004613503348082304
1,1,0.9970911741256714
1,0,0.393544465303421
0,0,0.009393868036568165
1,1,0.9952190518379211
0,0,0.015393631532788277
0,0,0.03591402247548103
0,1,0.6599723696708679
1,1,0.9961162805557251
1,1,0.9954575300216675
1,1,0.9969789981842041
0,0,0.01415942795574665
1,1,0.9947754144668579
0,0,0.003417555009946227
1,1,0.9954113364219666
0,0,0.006044762674719095
0,0,0.27991971373558044
1,1,0.9719846844673157
0,0,0.02895733155310154
1,1,0.9959518909454346
0,0,0.0013606242137029767
1,1,0.9879030585289001
1,1,0.9153378009796143
0,0,0.1392529457807541
1,1,0.9930604696273804
1,1,0.9360483884811401
1,1,0.992110550403595
0,0,0.029685407876968384
1,1,0.8257555365562439
1,1,0.9968462586402893
0,0,0.005738421808928251
0,0,0.020636310800909996
1,1,0.9833620190620422
0,0,0.009170138277113438
0,0,0.05682481452822685
1,1,0.9991868138313293
0,0,0.019630596041679382
1,1,0.9821714162826538
1,1,0.5591976642608643
1,1,0.9866183400154114
0,0,0.003077148227021098
1,1,0.994934618473053
1,1,0.9971023201942444
1,1,0.9962922930717468
0,0,0.03167683258652687
0,0,0.010436282493174076
0,0,0.006914183031767607
1,0,0.21193763613700867
1,1,0.9982175230979919
1,1,0.994691789150238
1,1,0.997591495513916
0,0,0.0034477710723876953
1,1,0.9593949913978577
0,0,0.06123535707592964
1,1,0.9912080764770508
0,0,0.005234132520854473
0,0,0.00338732753880322
0,0,0.010395512916147709
0,0,0.05118165165185928
0,0,0.0027776036877185106
1,1,0.9877206683158875
1,1,0.9494492411613464
1,1,0.9982097148895264
1,1,0.9973324537277222
1,1,0.9856878519058228
1,1,0.9772910475730896
0,0,0.006650820840150118
0,0,0.004372105933725834
1,1,0.9664530158042908
0,0,0.004985866602510214
1,1,0.9680891633033752
1,1,0.9986796975135803
1,1,0.9938753247261047
1,1,0.9982054233551025
1,1,0.9964680671691895
1,1,0.9761443734169006
1,1,0.9758053421974182
0,0,0.03673546761274338
1,1,0.9983355402946472
0,0,0.12042590975761414
1,1,0.9989610910415649
1,1,0.9866807460784912
1,1,0.7090319991111755
0,0,0.012884260155260563
1,1,0.9543781876564026
0,0,0.040124744176864624
1,1,0.9981094598770142
0,0,0.27931517362594604
0,0,0.008588387630879879
0,0,0.025874624028801918
0,0,0.004329719115048647
0,0,0.14411717653274536
0,0,0.021331440657377243
0,0,0.02259374037384987
0,0,0.01708277128636837
0,0,0.01312924548983574
0,0,0.002029015449807048
0,0,0.009800275787711143
1,1,0.9812586903572083
0,0,0.14348138868808746
1,1,0.9740880727767944
1,1,0.9954674243927002
0,0,0.006643941160291433
1,1,0.9993027448654175
1,1,0.9986574649810791
1,1,0.997670590877533
0,0,0.0049508060328662395
0,0,0.058572787791490555
0,0,0.028735065832734108
1,1,0.9942008852958679
0,0,0.05926678702235222
1,1,0.9948563575744629
1,1,0.9913113117218018
0,0,0.0011462927795946598
1,1,0.9970409274101257
1,1,0.9985938668251038
0,0,0.03666044399142265
1,1,0.9947994947433472
1,1,0.9958938360214233
0,0,0.025060994550585747
0,0,0.01630493253469467
0,0,0.03482777625322342
1,1,0.9987205862998962
0,0,0.31092581152915955
0,0,0.0018326445715501904
0,0,0.007198213133960962
1,1,0.9494093656539917
0,0,0.00854202825576067
1,1,0.9965927004814148
1,1,0.9981632828712463
1,1,0.7814463973045349
1,1,0.9933819770812988
1,1,0.9641704559326172
0,0,0.003516626078635454
0,0,0.02275940403342247
0,0,0.029243649914860725
0,0,0.04629623889923096
1,1,0.9956387877464294
0,0,0.004767442122101784
1,0,0.05868304520845413
0,0,0.03239672631025314
1,1,0.9644833207130432
1,1,0.9881596565246582
1,1,0.9972756505012512
0,0,0.009927298873662949
0,0,0.011194439604878426
0,0,0.09067355841398239
1,1,0.9989350438117981
1,1,0.9975966811180115
0,0,0.4639355540275574
0,0,0.013273763470351696
0,0,0.007253054995089769
0,0,0.010211801156401634
1,1,0.9900942444801331
1,1,0.9959051609039307
1,1,0.9918734431266785
1,1,0.9918973445892334
1,1,0.993436336517334
0,0,0.009263080544769764
0,0,0.004217624198645353
0,0,0.004964727442711592
1,1,0.994955837726593
1,1,0.9874067902565002
1,1,0.997368574142456
1,1,0.9920905828475952
1,1,0.9942980408668518
0,0,0.004004328511655331
0,0,0.007955759763717651
1,1,0.9977631568908691
1,0,0.44379162788391113
1,1,0.9703400135040283
0,0,0.0010037863394245505
1,1,0.9342805743217468
0,0,0.0007591625326313078
0,0,0.004553685896098614
0,0,0.02733059599995613
0,0,0.001964519266039133
0,0,0.003928426653146744
1,1,0.9243384599685669
0,1,0.6628551483154297
0,0,0.01895250380039215
1,1,0.9543588161468506
0,0,0.008025720715522766
1,1,0.994249701499939
1,1,0.9786866307258606
1,1,0.9988279938697815
1,1,0.9946959614753723
1,1,0.9993630051612854
0,0,0.188140407204628
1,1,0.9975320100784302
0,0,0.026012353599071503
1,1,0.9511563181877136
0,1,0.9005849957466125
1,1,0.9928801655769348
1,1,0.9939689636230469
1,1,0.9947382807731628
1,1,0.9557173252105713
0,0,0.0112062469124794
0,0,0.19886994361877441
1,1,0.9970473647117615
0,0,0.00412262137979269
1,1,0.9858493804931641
1,1,0.9969049096107483
0,0,0.06751697510480881
1,1,0.9649534821510315
1,1,0.9607222676277161
0,0,0.0012186337262392044
1,1,0.9954881072044373
0,0,0.0015673349844291806
1,1,0.9635695219039917
1,1,0.9987356066703796
0,0,0.011222649365663528
1,1,0.9967358708381653
0,0,0.006920328363776207
0,0,0.02525119110941887
0,0,0.004044874105602503
1,1,0.9335609674453735
0,0,0.012894331477582455
0,0,0.006398262456059456
1,1,0.998754620552063
1,1,0.9663729071617126
1,1,0.9683305621147156
0,0,0.07004253566265106
1,1,0.9950581789016724
0,0,0.04337519407272339
1,1,0.9933633804321289
1,1,0.9775646924972534
1,1,0.9981448650360107
0,0,0.038406141102313995
1,1,0.8929250240325928
0,0,0.02068627066910267
1,1,0.9903460144996643
0,0,0.026561427861452103
1,1,0.9905357956886292
1,1,0.9909802079200745
1,1,0.994831383228302
1,1,0.9685271978378296
0,0,0.08691715449094772
1,0,0.4906037151813507
1,1,0.9753941297531128
1,1,0.9976034760475159
1,1,0.9865961670875549
0,0,0.0017546871677041054
0,0,0.02863658219575882
1,0,0.10283160954713821
1,1,0.9981473684310913
1,1,0.9818822741508484
0,0,0.006921750493347645
0,0,0.01183788850903511
0,0,0.020733783021569252
1,1,0.9969633221626282
0,0,0.15327060222625732
0,0,0.005137761123478413
1,1,0.9954924583435059
1,1,0.9929172992706299
1,1,0.9990274906158447
1,1,0.9981709718704224
1,1,0.9950332641601562
1,1,0.9987680315971375
1,1,0.996298611164093
0,1,0.5776728987693787
1,1,0.9958019852638245
1,1,0.9514927268028259
1,1,0.9986525774002075
0,0,0.01785716600716114
0,0,0.011593191884458065
0,0,0.0218820683658123
1,1,0.9761385917663574
0,0,0.012676730751991272
0,0,0.0317535400390625
0,0,0.0033711064606904984
0,0,0.004065837245434523
0,0,0.0011641468154266477
0,0,0.008646691218018532
0,0,0.0017588530899956822
0,0,0.00941423512995243
0,0,0.0009016443509608507
0,1,0.6443675756454468
1,1,0.996826708316803
1,1,0.5435645580291748
0,0,0.005941085983067751
1,1,0.9955573678016663
0,0,0.030106499791145325
0,0,0.0064466274343431
1,1,0.9635197520256042
0,1,0.7060486674308777
0,0,0.03237805515527725
1,1,0.9802181720733643
0,0,0.016318170353770256
0,0,0.06976225972175598
1,1,0.9900619983673096
1,1,0.9944875836372375
1,0,0.4674595296382904
0,0,0.0010984124382957816
1,1,0.6833081245422363
0,0,0.37170299887657166
1,1,0.9933571219444275
1,1,0.9752944707870483
1,1,0.9967820644378662
0,0,0.05131522938609123
1,1,0.997694194316864
1,1,0.9972909092903137
1,1,0.7641040086746216
0,0,0.02821127325296402
1,1,0.997607946395874
0,0,0.08773980289697647
1,1,0.9990987777709961
0,0,0.013662180863320827
1,1,0.9891127943992615
0,0,0.06484639644622803
0,0,0.03032578155398369
1,0,0.022324806079268456
0,0,0.002182853640988469
1,0,0.41489148139953613
0,0,0.008194662630558014
1,1,0.994813084602356
0,0,0.2300059050321579
0,0,0.004191430751234293
0,0,0.04204897955060005
0,0,0.00448031909763813
1,1,0.8245455622673035
1,1,0.607232928276062
1,1,0.9993003606796265
1,1,0.9967817068099976
0,1,0.927685558795929
0,0,0.023735448718070984
0,0,0.04482454061508179
1,1,0.9898480772972107
1,1,0.9711464047431946
1,1,0.9991896748542786
1,1,0.9988701939582825
1,1,0.9983763694763184
0,0,0.018349889665842056
1,1,0.9987186193466187
0,0,0.12315414100885391
0,0,0.01243093702942133
0,0,0.003789932234212756
0,0,0.006745303049683571
0,0,0.07806826382875443
1,1,0.9952430129051208
0,0,0.009685022756457329
1,0,0.18349233269691467
1,1,0.9101443886756897
1,1,0.9980185031890869
0,0,0.016757866367697716
0,0,0.007339511066675186
0,0,0.005484814755618572
1,1,0.9887309670448303
0,0,0.0018072049133479595
0,0,0.2899616062641144
1,1,0.9988765120506287
1,1,0.9988082647323608
0,0,0.2725398540496826
1,1,0.9929457306861877
0,0,0.0028115417808294296
1,1,0.9977586269378662
1,1,0.9573723077774048
0,0,0.04406971484422684
1,1,0.999198853969574
0,0,0.014383038505911827
0,0,0.02879655919969082
1,1,0.996987521648407
1,1,0.998448371887207
0,0,0.0033863571006804705
0,0,0.0010641219560056925
0,0,0.029383182525634766
0,1,0.9660081267356873
0,0,0.061318714171648026
0,0,0.0062660411931574345
1,1,0.9932007193565369
1,1,0.9964950680732727
0,0,0.005356668960303068
0,0,0.0010497495532035828
0,0,0.02672228403389454
0,0,0.033009257167577744
0,0,0.0030472800135612488
0,0,0.013395337387919426
1,1,0.9964424967765808
0,0,0.002297933679074049
0,0,0.00811515748500824
0,0,0.0049105314537882805
1,0,0.19925366342067719
0,0,0.012459184043109417
1,1,0.967201828956604
1,1,0.998375654220581
0,0,0.004529702477157116
0,0,0.008276191540062428
0,0,0.003306040307506919
1,1,0.9952895641326904
1,1,0.9827879071235657
0,0,0.0015447232872247696
1,1,0.9555143713951111
0,0,0.004597456194460392
1,1,0.9945177435874939
1,1,0.581523597240448
1,1,0.9929167032241821
0,0,0.0017272209515795112
1,1,0.9694517850875854
0,0,0.002759557217359543
0,0,0.006881877314299345
0,0,0.06999281793832779
1,1,0.9940648674964905
0,0,0.012484924867749214
0,0,0.0038820840418338776
0,0,0.011245578527450562
1,1,0.9969685673713684
1,1,0.9763156175613403
0,0,0.024068254977464676
1,1,0.9990755319595337
1,1,0.9976024031639099
1,1,0.8061479330062866
0,0,0.011380298994481564
1,1,0.8657225370407104
1,1,0.9993958473205566
1,1,0.9077670574188232
0,0,0.012608642689883709
0,0,0.040518246591091156
0,0,0.027027470991015434
0,0,0.002614580327644944
1,1,0.9976593255996704
0,0,0.10333691537380219
0,0,0.016139760613441467
1,1,0.7721163034439087
0,1,0.9225906133651733
1,1,0.8757076263427734
0,0,0.008667828515172005
0,0,0.025801148265600204
0,0,0.008355332538485527
0,0,0.0015240453649312258
1,1,0.9124801754951477
1,1,0.9468511343002319
1,1,0.9990116357803345
0,0,0.16514164209365845
0,0,0.005728692747652531
1,1,0.9911494255065918
1,1,0.99722820520401
0,0,0.02684030868113041
1,1,0.9930813908576965
0,0,0.07899980247020721
1,1,0.9987046718597412
1,1,0.9993523955345154
0,0,0.026633907109498978
0,0,0.02307979017496109
1,1,0.9869642853736877
1,1,0.9981497526168823
1,1,0.9950804710388184
1,1,0.9796964526176453
0,0,0.0052282908000051975
0,0,0.08232133835554123
0,0,0.00668703019618988
0,1,0.7053637504577637
0,0,0.026060201227664948
0,0,0.03853827714920044
1,1,0.9920549392700195
1,1,0.9966350197792053
1,1,0.9870055913925171
0,0,0.03188297897577286
1,1,0.9993008375167847
0,0,0.0017814245074987411
1,1,0.9737808704376221
0,0,0.015945708379149437
0,0,0.01779741235077381
0,0,0.0031714208889752626
1,0,0.030350636690855026
0,1,0.9249998331069946
0,0,0.0092202452942729
0,0,0.16329948604106903
1,1,0.9944466352462769
0,0,0.0578361451625824
0,0,0.009736361913383007
0,0,0.013634340837597847
1,1,0.9559640288352966
0,0,0.011401229538023472
0,0,0.005945911630988121
1,1,0.9776993989944458
1,1,0.9865375757217407
0,0,0.013905700296163559
0,0,0.004003613721579313
1,1,0.9962692260742188
1,1,0.9946119785308838
0,0,0.002230798825621605
0,0,0.0020931181497871876
0,0,0.0013434726279228926
0,1,0.9990142583847046
1,1,0.9962080717086792
1,1,0.8148251175880432
0,0,0.28870171308517456
0,0,0.009156777523458004
1,1,0.9620742201805115
0,0,0.2976960837841034
0,0,0.007216159719973803
1,1,0.9967832565307617
1,1,0.9976783394813538
1,1,0.9828270673751831
1,1,0.9949466586112976
1,1,0.9929311275482178
1,1,0.9980858564376831
1,1,0.996250331401825
0,0,0.19312578439712524
1,1,0.9964722394943237
0,0,0.04001360759139061
0,0,0.024674588814377785
0,0,0.002336738398298621
1,1,0.9962933659553528
0,0,0.025741424411535263
1,1,0.9992340803146362
1,1,0.9213383793830872
1,1,0.9911925196647644
1,1,0.9931144118309021
1,1,0.9983991980552673
1,1,0.9964907765388489
1,1,0.9970871806144714
0,0,0.0016692596254870296
0,0,0.00822154339402914
1,1,0.9989752769470215
1,1,0.9936836957931519
0,0,0.0007279234123416245
0,0,0.021132169291377068
0,0,0.005604206118732691
1,1,0.9919854402542114
1,1,0.9916260242462158
0,0,0.014632539823651314
0,1,0.5733494162559509
1,1,0.9986023306846619
0,0,0.002053220756351948
1,1,0.9964016675949097
0,0,0.11164125800132751
0,0,0.018514176830649376
1,1,0.9946241974830627
1,1,0.9983012080192566
0,0,0.0029390444979071617
1,1,0.992335855960846
1,1,0.9743875861167908
1,1,0.9984149932861328
0,1,0.5100351572036743
0,0,0.011676759459078312
0,0,0.013715757057070732
1,1,0.9957171082496643
1,1,0.9978533387184143
0,0,0.00893400702625513
0,0,0.022728553041815758
1,1,0.9565016031265259
0,0,0.0027263255324214697
0,0,0.02274579182267189
1,1,0.939454197883606
1,1,0.9983641505241394
1,1,0.9989891648292542
0,0,0.0014419854851439595
0,0,0.0016858539311215281
1,1,0.8235512375831604
1,1,0.9682585597038269
0,0,0.023412249982357025
0,0,0.004000489134341478
0,0,0.09823284298181534
0,0,0.12901988625526428
0,0,0.04795055091381073
0,0,0.031089603900909424
1,1,0.9958078861236572
1,1,0.9925659894943237
1,1,0.9613695740699768
0,0,0.0012053765822201967
0,0,0.0032705659978091717
0,0,0.00697006331756711
1,1,0.898499608039856
0,0,0.05353625491261482
1,1,0.9784001111984253
1,1,0.998583197593689
1,1,0.9271716475486755
1,1,0.9992586970329285
0,0,0.014525999315083027
0,0,0.06569042056798935
0,0,0.007331317290663719
1,1,0.9953346848487854
1,1,0.9973248243331909
1,1,0.9943133592605591
0,0,0.00235970551148057
1,1,0.9984318614006042
1,1,0.9964165687561035
1,1,0.9910878539085388
1,1,0.9958735108375549
1,1,0.999230146408081
1,1,0.9954625964164734
1,1,0.991887629032135
1,1,0.9975733160972595
1,1,0.8883872628211975
0,0,0.01608356088399887
1,0,0.0037704238202422857
0,0,0.012656782753765583
1,1,0.9834385514259338
0,0,0.04994983598589897
1,1,0.995586633682251
0,0,0.030028782784938812
1,1,0.9991174340248108
0,0,0.003340180264785886
0,0,0.003154244739562273
0,0,0.02715936303138733
0,0,0.02160523645579815
1,1,0.9989225268363953
0,0,0.0064182644709944725
0,0,0.005877788178622723
1,1,0.9896599650382996
0,0,0.0206734798848629
0,0,0.025704916566610336
1,1,0.9859986305236816
0,0,0.009079553186893463
0,0,0.004015065263956785
0,0,0.038594916462898254
0,0,0.01916983723640442
1,1,0.9739572405815125
1,1,0.9244306087493896
1,1,0.9919837117195129
0,0,0.023504894226789474
0,0,0.030111204832792282
1,0,0.3446538746356964
0,0,0.0022397777065634727
1,1,0.9950175881385803
1,1,0.9676791429519653
0,0,0.0010657294187694788
1,1,0.9983711838722229
0,1,0.799511194229126
1,1,0.9976179003715515
0,0,0.0036989334039390087
0,0,0.011905050836503506
1,1,0.9513123035430908
1,1,0.998994767665863
1,1,0.9975172281265259
0,0,0.0310820285230875
0,0,0.0220385380089283
0,0,0.01590396650135517
0,0,0.011416245251893997
0,0,0.38960015773773193
1,1,0.9453186988830566
0,0,0.0029295606072992086
0,0,0.05003732070326805
1,1,0.9976426959037781
1,1,0.9753368496894836
0,0,0.016530269756913185
0,0,0.013877500779926777
1,1,0.9981665015220642
1,1,0.9672790765762329
1,1,0.9950609803199768
1,1,0.9726924896240234
0,0,0.020080072805285454
0,0,0.0238588098436594
1,1,0.9941347241401672
0,0,0.008796179667115211
0,0,0.10278335958719254
0,0,0.015587159432470798
0,0,0.010087372735142708
0,0,0.008447627536952496
1,1,0.9942218661308289
0,0,0.4822956621646881
0,0,0.002403758466243744
1,1,0.996289849281311
1,1,0.998400866985321
0,0,0.004142329562455416
0,0,0.017389412969350815
1,1,0.9844324588775635
0,0,0.0204261876642704
0,0,0.01729351282119751
0,0,0.026742039248347282
1,1,0.999078631401062
1,0,0.2775339186191559
0,0,0.007782642729580402
0,0,0.028231477364897728
0,0,0.004850884899497032
1,1,0.9872045516967773
0,0,0.00431334413588047
1,1,0.7775117754936218
0,0,0.021223582327365875
0,0,0.010724092833697796
0,0,0.0496300533413887
1,1,0.9808558821678162
1,1,0.9799153208732605
0,0,0.0012123476481065154
0,0,0.15422822535037994
0,0,0.0751243531703949
0,0,0.03176833689212799
0,0,0.022101614624261856
1,1,0.9990099668502808
0,0,0.012616731226444244
1,1,0.9738251566886902
0,0,0.1169147789478302
0,0,0.007545634172856808
0,0,0.05186529830098152
0,0,0.02205868437886238
1,1,0.9969812035560608
0,1,0.8745071887969971
1,1,0.9983119964599609
0,0,0.024891389533877373
0,0,0.0008007937576621771
1,1,0.9991613626480103
0,0,0.06289111822843552
0,0,0.004974196664988995
1,1,0.9878830313682556
1,1,0.9963237047195435
0,0,0.026961861178278923
0,0,0.004133451730012894
1,0,0.3149479627609253
0,0,0.014175305142998695
1,0,0.13578495383262634
0,0,0.013212870806455612
1,1,0.9924909472465515
1,0,0.45646315813064575
1,0,0.029432376846671104
0,0,0.0032683268655091524
0,0,0.007753397803753614
0,0,0.1694040596485138
0,0,0.028181757777929306
0,0,0.32943102717399597
1,1,0.9940639138221741
1,1,0.9988553524017334
1,1,0.9926437735557556
1,1,0.9939291477203369
0,0,0.0022045422811061144
0,0,0.0383102111518383
1,1,0.9849321246147156
0,0,0.012075643986463547
1,1,0.9962738752365112
0,0,0.0020196617115288973
1,1,0.9988129138946533
1,1,0.9935333728790283
1,1,0.9877782464027405
0,0,0.007167920935899019
0,0,0.004014609381556511
1,1,0.998042106628418
0,0,0.004254825413227081
0,0,0.015034252777695656
0,0,0.012190687470138073
0,0,0.006372272036969662
1,1,0.9958977103233337
1,1,0.9960981607437134
0,0,0.02416970767080784
1,1,0.9935998916625977
1,1,0.99397212266922
0,0,0.005658035632222891
1,1,0.9932714104652405
1,1,0.9983459711074829
1,1,0.9988821148872375
1,1,0.9822341799736023
1,1,0.9977962970733643
1,1,0.9981631636619568
1,1,0.9949665665626526
0,0,0.0012044413015246391
1,1,0.9955883026123047
0,0,0.006029763258993626
1,1,0.9929488897323608
1,0,0.004188858438283205
1,1,0.9891890287399292
0,0,0.05963039770722389
0,1,0.5964015126228333
1,1,0.995453953742981
0,0,0.05118696391582489
0,0,0.009780915454030037
0,0,0.013840374536812305
1,1,0.9959374666213989
0,0,0.00203808955848217
1,1,0.9933479428291321
1,1,0.9987956285476685
1,1,0.9987388253211975
1,1,0.9966045618057251
0,0,0.13474100828170776
1,1,0.9837483167648315
0,1,0.7175332307815552
1,1,0.9964019060134888
1,1,0.9747671484947205
1,1,0.9982422590255737
0,0,0.016246307641267776
0,0,0.0491505041718483
1,1,0.9962897300720215
0,0,0.019114043563604355
0,0,0.0362447164952755
0,0,0.2644799053668976
0,0,0.0011254026321694255
0,0,0.054177336394786835
0,0,0.0014443114632740617
0,1,0.7079418301582336
0,0,0.011998404748737812
0,0,0.00485958019271493
1,1,0.9960029721260071
1,1,0.8697993159294128
0,0,0.019163774326443672
1,0,0.3783741891384125
0,0,0.016231223940849304
1,1,0.9952753782272339
1,1,0.9821663498878479
1,1,0.9993045330047607
0,0,0.01318269595503807
1,1,0.9935534000396729
0,0,0.3899564743041992
1,1,0.9643476009368896
1,1,0.998958945274353
0,0,0.011532855220139027
0,0,0.02215799130499363
1,1,0.9973994493484497
1,1,0.9973631501197815
0,0,0.03704436868429184
0,0,0.0023490621242672205
0,0,0.028602275997400284
1,1,0.9871992468833923
1,1,0.994606077671051
1,1,0.9620939493179321
1,1,0.9977883100509644
0,0,0.002439613686874509
1,1,0.9981497526168823
1,1,0.9671324491500854
1,1,0.9896718263626099
1,1,0.9976146221160889
1,1,0.9935924410820007
0,0,0.21957971155643463
1,1,0.995966911315918
0,0,0.007334600668400526
1,1,0.9945803284645081
0,0,0.0011608292115852237
0,0,0.0028279151301831007
0,0,0.10966998338699341
0,0,0.0025839132722467184
1,1,0.9975173473358154
0,0,0.012352406978607178
1,1,0.8209700584411621
1,1,0.9864391088485718
0,0,0.039186131209135056
1,1,0.9970951080322266
0,1,0.7444325089454651
0,0,0.000561547523830086
0,0,0.03901359811425209
1,1,0.9891903400421143
0,0,0.2699785828590393
1,1,0.972299337387085
0,0,0.32566285133361816
0,0,0.010471937246620655
1,1,0.995517909526825
0,0,0.03749879077076912
0,0,0.0010258469264954329
1,1,0.9991046786308289
1,1,0.9974797368049622
1,1,0.928107500076294
1,1,0.9925758838653564
1,1,0.9966762065887451
1,1,0.9905964136123657
0,0,0.0753227174282074
1,1,0.9967516660690308
0,0,0.001292835338972509
1,1,0.9932612776756287
1,1,0.971187174320221
1,1,0.9913780689239502
1,1,0.9941955208778381
1,1,0.9197384715080261
0,0,0.00611518369987607
0,0,0.013827675953507423
0,0,0.36238205432891846
1,1,0.9575502872467041
1,0,0.05418867617845535
0,0,0.00573258101940155
0,0,0.021835938096046448
0,1,0.9540626406669617
0,0,0.0707000195980072
0,0,0.04186520352959633
1,1,0.9432790279388428
0,0,0.0020600538700819016
1,1,0.9907483458518982
1,1,0.9922106266021729
1,1,0.812635064125061
1,1,0.9971616268157959
1,1,0.9802574515342712
1,1,0.9989560842514038
0,0,0.010037470608949661
1,1,0.9891050457954407
0,0,0.0036464042495936155
1,1,0.9746528267860413
1,1,0.9440267086029053
1,1,0.8500053286552429
0,0,0.0012910671066492796
0,0,0.016802584752440453
1,0,0.15555758774280548
1,1,0.9983401298522949
1,1,0.6670615673065186
1,1,0.9912772178649902
0,0,0.06083989143371582
0,0,0.02194185182452202
0,0,0.05646119639277458
0,0,0.0026615820825099945
0,0,0.35242852568626404
1,1,0.998664379119873
0,0,0.0022796590346843004
1,1,0.995328426361084
0,0,0.03280168026685715
1,1,0.9900820851325989
1,1,0.9954867959022522
1,1,0.5270402431488037
0,0,0.007830419577658176
0,0,0.018487561494112015
0,0,0.016162734478712082
1,1,0.9933598637580872
1,1,0.9945096373558044
0,0,0.002373011317104101
0,0,0.003792118513956666
1,1,0.98671954870224
0,0,0.023185603320598602
0,0,0.0072854552417993546
1,1,0.9937746524810791
1,1,0.983914852142334
0,0,0.022997858002781868
0,0,0.0012928087962791324
1,1,0.7456108331680298
0,0,0.008436870761215687
0,0,0.0383046418428421
1,1,0.9835710525512695
1,1,0.9978010058403015
1,1,0.99614417552948
1,1,0.9982852339744568
0,0,0.014653097838163376
0,0,0.0012787976302206516
1,1,0.993343710899353
0,0,0.015713168308138847
0,0,0.0010495380265638232
1,1,0.9984898567199707
0,0,0.011310458183288574
1,1,0.990838348865509
1,1,0.9837684035301208
1,1,0.9849169850349426
0,0,0.0232798270881176
0,0,0.01835828274488449
0,0,0.07413113117218018
0,0,0.009095478802919388
0,0,0.010111818090081215
0,0,0.003171669552102685
0,0,0.05301739275455475
1,1,0.9993481040000916
0,0,0.005736672785133123
0,0,0.01242029294371605
1,1,0.9954131245613098
0,0,0.01982606016099453
1,1,0.9983264803886414
0,0,0.11394758522510529
1,1,0.6506462693214417
1,1,0.9968249797821045
1,1,0.99543297290802
0,0,0.009062301367521286
0,0,0.004634946119040251
1,1,0.9811681509017944
1,1,0.9973716735839844
1,1,0.8951394557952881
1,1,0.9977790713310242
0,0,0.08221730589866638
0,0,0.0062356749549508095
1,1,0.7717328071594238
0,0,0.009576484560966492
0,0,0.004140685312449932
1,1,0.9990799427032471
1,1,0.9429759979248047
1,1,0.9992952346801758
0,0,0.009808427654206753
0,0,0.00797923281788826
1,1,0.958742082118988
0,0,0.07279843837022781
1,1,0.9990518689155579
0,0,0.03188998997211456
0,0,0.004754324443638325
1,1,0.9963059425354004
0,0,0.006405924446880817
1,1,0.8421723246574402
1,1,0.9992874264717102
1,1,0.9276860952377319
1,1,0.950645923614502
1,1,0.9949082732200623
1,1,0.8152329325675964
1,1,0.9879465699195862
1,1,0.9599018096923828
0,0,0.014535818248987198
0,0,0.00904302578419447
0,0,0.006090093869715929
0,0,0.0020765538793057203
0,0,0.006815076805651188
1,1,0.9982098340988159
0,0,0.003101682523265481
0,0,0.010119257494807243
1,1,0.9989724159240723
0,0,0.026989145204424858
0,0,0.2441481500864029
1,1,0.9990235567092896
0,0,0.31458577513694763
0,0,0.0014403933892026544
0,0,0.0030543531756848097
0,0,0.002027297392487526
0,0,0.013101144693791866
1,1,0.6066796183586121
1,1,0.7615514397621155
1,1,0.9968315958976746
0,0,0.0038030974101275206
0,0,0.026060042902827263
1,1,0.998629093170166
0,0,0.02255907468497753
0,0,0.01157476007938385
0,0,0.07380951941013336
1,1,0.999198853969574
1,1,0.6814928650856018
1,1,0.9989637136459351
1,1,0.9951943755149841
1,1,0.9364513158798218
1,1,0.9896028637886047
1,1,0.998777449131012
1,1,0.9888161420822144
0,0,0.007179104723036289
1,1,0.9988334774971008
0,0,0.0073596709407866
1,1,0.9960213303565979
1,1,0.9733709096908569
1,1,0.98567134141922
0,0,0.2256055474281311
1,1,0.9931950569152832
0,0,0.002736724680289626
0,0,0.0008027760195545852
0,0,0.033137641847133636
0,0,0.1501823514699936
1,1,0.9969899654388428
1,1,0.9900168776512146
1,1,0.9180892109870911
1,1,0.9926748871803284
0,0,0.02264592796564102
1,1,0.9762898087501526
1,1,0.9752723574638367
0,0,0.08166895806789398
1,1,0.9873934984207153
1,1,0.8077076077461243
1,1,0.9984435439109802
0,0,0.0028665887657552958
1,1,0.9772648811340332
1,1,0.9946828484535217
1,1,0.9978127479553223
0,0,0.0035673126112669706
1,1,0.9985734224319458
0,0,0.002845564391463995
1,0,0.40256333351135254
1,1,0.9982011318206787
1,1,0.9952585101127625
0,1,0.5114349722862244
1,1,0.9900074005126953
0,1,0.8954560160636902
0,0,0.02816641330718994
1,1,0.9945125579833984
1,1,0.9974985718727112
1,1,0.9913462996482849
0,0,0.047248899936676025
0,1,0.5117360949516296
1,1,0.9968177080154419
0,0,0.03533535823225975
1,1,0.9940171241760254
0,0,0.027284588664770126
1,1,0.9907461404800415
0,0,0.00850415974855423
0,0,0.09355589002370834
1,1,0.9868988990783691
0,0,0.004313209094107151
0,0,0.0019704406149685383
1,1,0.9960902333259583
0,0,0.013364274054765701
0,0,0.006469690706580877
1,1,0.9647976756095886
0,0,0.3687954545021057
1,1,0.9991324543952942
0,0,0.0039039147086441517
1,1,0.9832314252853394
1,1,0.9855172038078308
0,0,0.0012721748789772391
0,0,0.00573874544352293
1,1,0.9876397252082825
1,1,0.9911988377571106
0,0,0.06467578560113907
0,0,0.036481328308582306
0,0,0.04713168367743492
0,0,0.021692799404263496
0,0,0.001511573907919228
0,0,0.003007699968293309
1,1,0.9793455600738525
0,0,0.022304989397525787
1,1,0.7025130987167358
0,0,0.005526685155928135
0,0,0.019854895770549774
0,0,0.006872218102216721
0,0,0.0033905678428709507
1,1,0.9983605742454529
0,0,0.012304761447012424
1,1,0.9965434670448303
1,1,0.9935663342475891
0,0,0.0008882448892109096
1,1,0.8630030751228333
1,1,0.9880168437957764
0,0,0.03170934319496155
0,0,0.0026731230318546295
0,0,0.010757436975836754
1,1,0.9993128776550293
0,0,0.06282470375299454
1,1,0.974410355091095
0,0,0.003391526872292161
1,1,0.9463263750076294
1,1,0.9868042469024658
0,0,0.057154081761837006
0,0,0.017767395824193954
1,1,0.9949036836624146
1,1,0.9962584972381592
0,0,0.0008699673926457763
1,1,0.9966913461685181
1,1,0.9952524900436401
1,1,0.6585702300071716
0,0,0.49976468086242676
1,1,0.974673330783844
0,0,0.008486961014568806
0,0,0.006082320120185614
1,1,0.8065096139907837
1,1,0.9973474740982056
1,1,0.9637080430984497
1,1,0.962509036064148
0,1,0.6367937922477722
0,0,0.4980008900165558
1,1,0.9887732863426208
0,0,0.015807973220944405
1,1,0.9955880641937256
0,0,0.0015693031018599868
0,0,0.004655209369957447
1,1,0.9915187954902649
1,1,0.995192289352417
1,1,0.9568090438842773
0,0,0.008079100400209427
0,0,0.0042225453071296215
1,1,0.9992586970329285
0,0,0.002852341625839472
1,1,0.9926822781562805
1,1,0.9933506846427917
0,0,0.00791759230196476
1,1,0.9984361529350281
1,1,0.9918562173843384
0,0,0.009750048629939556
1,1,0.9730727076530457
1,1,0.9975789189338684
1,1,0.9988420605659485
1,1,0.7795794606208801
1,1,0.9932223558425903
0,0,0.009588739834725857
1,1,0.998728334903717
1,1,0.9915035963058472
0,0,0.021463949233293533
0,0,0.019680529832839966
1,1,0.9959957599639893
1,1,0.9924817681312561
1,1,0.9674295783042908
1,1,0.9888299107551575
0,0,0.17472422122955322
0,0,0.0025398507714271545
0,0,0.01904764212667942
1,1,0.977007269859314
0,0,0.00823924969881773
1,1,0.9985795021057129
1,1,0.9940898418426514
1,1,0.6886528134346008
0,0,0.03008504956960678
1,1,0.996990442276001
0,0,0.01136204693466425
1,1,0.8556193709373474
0,0,0.10231414437294006
1,1,0.9242182970046997
0,0,0.006795062683522701
1,1,0.99617600440979
1,1,0.9166657328605652
0,0,0.007274482864886522
0,0,0.22916363179683685
0,0,0.001816514297388494
1,1,0.9940823912620544
0,0,0.012826676480472088
0,0,0.005708055570721626
1,1,0.9984662532806396
1,1,0.9961938858032227
1,1,0.9990090131759644
1,1,0.9896031022071838
1,1,0.997697651386261
0,0,0.01656886376440525
0,0,0.0019185699056833982
0,0,0.030294759199023247
0,0,0.01091317180544138
1,1,0.9974979758262634
0,0,0.0011360873468220234
1,1,0.9994657635688782
1,1,0.9978668093681335
0,0,0.00520254485309124
0,0,0.0016026473604142666
0,0,0.00836645346134901
1,1,0.9821229577064514
1,1,0.9988551139831543
1,1,0.9971416592597961
1,1,0.9792441725730896
1,1,0.9983254075050354
0,0,0.023159196600317955
0,0,0.02876039408147335
1,1,0.8731459975242615
1,1,0.9737822413444519
0,0,0.009347342886030674
1,1,0.9860244393348694
0,0,0.06242968514561653
0,0,0.01652052067220211
0,0,0.0018670993158593774
1,1,0.9933556318283081
1,1,0.9633100628852844
1,1,0.9864420890808105
0,0,0.00532953767105937
1,1,0.9981062412261963
1,1,0.9728887677192688
1,1,0.972894549369812
0,0,0.1007397249341011
0,1,0.9846234917640686
0,0,0.23001784086227417
0,0,0.4575313329696655
1,1,0.9986602067947388
1,1,0.9974038004875183
1,1,0.9665142297744751
0,0,0.028823744505643845
0,0,0.0069814459420740604
0,0,0.004649154841899872
1,1,0.9993000030517578
1,1,0.9613565802574158
1,1,0.9732162356376648
0,0,0.009829609654843807
1,1,0.9953054785728455
0,0,0.004181582480669022
1,1,0.9966393709182739
0,0,0.011217057704925537
1,1,0.999363124370575
0,0,0.1498868316411972
1,1,0.9696466326713562
0,0,0.004591506905853748
1,1,0.9918885827064514
1,1,0.9984112977981567
0,0,0.026799261569976807
0,0,0.00606565224006772
1,1,0.9963286519050598
1,1,0.9992480874061584
1,1,0.9970601201057434
1,1,0.9913450479507446
0,0,0.02886813133955002
1,1,0.9978567957878113
1,1,0.9356681108474731
1,1,0.9625445008277893
1,1,0.9969082474708557
1,1,0.996475875377655
0,0,0.009401947259902954
1,0,0.1810157299041748
0,0,0.03048958256840706
0,0,0.024213232100009918
0,0,0.010257718153297901
1,1,0.9948582649230957
1,1,0.8237989544868469
1,1,0.9973123073577881
1,1,0.9927952885627747
1,1,0.9990098476409912
0,0,0.007503862958401442
1,1,0.9933335185050964
1,1,0.9063098430633545
0,0,0.022603612393140793
0,0,0.021636756137013435
1,1,0.9439248442649841
0,0,0.004596825689077377
1,1,0.9990372657775879
1,1,0.9871770143508911
1,1,0.9981333613395691
0,0,0.022003376856446266
0,0,0.008380809798836708
1,1,0.9409824013710022
1,0,0.09757349640130997
0,0,0.0034362550359219313
0,0,0.00296228495426476
0,0,0.01800139807164669
0,0,0.004636680241674185
1,1,0.991693913936615
0,0,0.012733272276818752
0,0,0.04161886125802994
0,0,0.09567421674728394
1,1,0.9949306845664978
1,1,0.9957042336463928
0,0,0.012898647226393223
1,1,0.9989787340164185
1,1,0.878231942653656
1,1,0.9989390969276428
0,0,0.05981075018644333
0,0,0.4282159209251404
0,0,0.0265138428658247
1,1,0.9992202520370483
1,1,0.992857813835144
0,0,0.0009132657432928681
0,0,0.3245208263397217
0,0,0.12746059894561768
0,0,0.3251296579837799
0,0,0.029939640313386917
1,0,0.18293975293636322
1,1,0.9969583749771118
0,0,0.009859925135970116
1,1,0.9840465188026428
1,1,0.9930546879768372
1,1,0.996040940284729
1,1,0.9918158650398254
0,0,0.011612123809754848
1,1,0.9968994855880737
0,0,0.14543552696704865
0,0,0.002747060265392065
0,0,0.2538084089756012
0,0,0.008341077715158463
0,0,0.11103776097297668
1,1,0.996832549571991
0,0,0.37660232186317444
1,1,0.9840930700302124
0,0,0.00529444869607687
1,1,0.9868366718292236
1,1,0.9895556569099426
1,1,0.9993607401847839
0,0,0.0016916331369429827
0,0,0.0019885660149157047
0,0,0.009539550170302391
0,0,0.08340825140476227
0,0,0.0044414689764380455
1,1,0.9943714737892151
1,1,0.9976413249969482
1,1,0.9981892704963684
0,0,0.022028673440217972
0,0,0.010582019574940205
1,1,0.5235622525215149
1,1,0.9982689619064331
1,1,0.9990799427032471
0,0,0.048550963401794434
1,1,0.9992560744285583
0,0,0.21180367469787598
0,0,0.0035332427360117435
0,0,0.00553169846534729
0,0,0.0028129098936915398
0,0,0.017837874591350555
1,1,0.9964830875396729
0,0,0.01098283939063549
1,1,0.9796586036682129
1,1,0.9983189702033997
0,0,0.014563657343387604
1,1,0.9967419505119324
1,1,0.9989728927612305
0,0,0.0038826025556772947
1,1,0.9993823766708374
0,0,0.015779072418808937
0,0,0.0031647603027522564
1,1,0.9983483552932739
1,1,0.9991866946220398
0,0,0.005356963723897934
0,0,0.2025919407606125
1,1,0.9959130883216858
1,1,0.9925330877304077
0,0,0.005496826488524675
0,0,0.024597879499197006
0,0,0.00832896213978529
1,1,0.9348880052566528
0,0,0.027176521718502045
1,1,0.9961333274841309
0,0,0.0009441665024496615
1,1,0.9878941178321838
1,1,0.9982573390007019
0,0,0.001608560560271144
1,1,0.9529401063919067
0,0,0.01742686703801155
0,0,0.00645730085670948
0,0,0.002275185426697135
0,0,0.02190827578306198
1,1,0.9944911003112793
0,0,0.0016309625934809446
0,0,0.3103000819683075
1,1,0.996807336807251
0,0,0.014137757942080498
1,1,0.9979773163795471
1,1,0.9915645122528076
1,1,0.9764593243598938
0,0,0.04054030403494835
1,1,0.9795668721199036
1,1,0.9766960740089417
0,0,0.03670798987150192
0,0,0.007052610162645578
1,1,0.9981532692909241
0,0,0.024553190916776657
1,1,0.9979988932609558
0,0,0.005214379169046879
1,1,0.998234748840332
0,0,0.008693375624716282
0,0,0.023150095716118813
1,1,0.9972497820854187
1,1,0.7199569344520569
1,1,0.9961332082748413
0,0,0.0598098561167717
1,1,0.9991472959518433
1,1,0.9958425164222717
1,1,0.9960008263587952
1,1,0.8833033442497253
0,0,0.0978037416934967
1,1,0.991302490234375
1,1,0.9959922432899475
0,0,0.0019978941418230534
1,1,0.994965136051178
1,1,0.9983524084091187
0,0,0.03649822622537613
0,0,0.008028693497180939
1,1,0.7205187678337097
1,1,0.9969412684440613
0,0,0.004245917312800884
1,1,0.9972530007362366
1,1,0.6997624039649963
1,1,0.9955587387084961
1,1,0.9883555173873901
0,0,0.026941422373056412
0,0,0.013618990778923035
1,1,0.9751195311546326
0,0,0.02517661266028881
0,0,0.0030093519017100334
0,0,0.16417726874351501
0,0,0.00380531488917768
0,0,0.014282860793173313
0,0,0.0109502412378788
1,1,0.7949649095535278
0,0,0.014822057448327541
0,1,0.6333222389221191
1,1,0.9952051639556885
1,1,0.9963471293449402
1,1,0.6043539643287659
1,1,0.9915209412574768
0,0,0.015201778151094913
0,0,0.01228439062833786
0,0,0.004610767122358084
0,0,0.0014972178032621741
1,1,0.9904968738555908
1,1,0.9949561953544617
0,0,0.02676738239824772
0,0,0.07875370979309082
0,0,0.16537673771381378
0,0,0.03470157831907272
0,0,0.005943601485341787
0,0,0.04289751499891281
1,1,0.9959957599639893
1,1,0.9387325644493103
1,1,0.9935306906700134
0,0,0.004309254698455334
1,1,0.9953346848487854
0,0,0.005871152505278587
1,1,0.9986639022827148
0,0,0.01083886343985796
1,1,0.9757179021835327
1,1,0.9886645078659058
0,0,0.00959139782935381
1,1,0.9919147491455078
0,0,0.3912315368652344
1,1,0.8186700940132141
1,1,0.9868689179420471
0,0,0.035360436886548996
0,0,0.03168681636452675
0,0,0.020067770034074783
1,1,0.9977129697799683
1,0,0.4802055060863495
0,0,0.008438972756266594
0,0,0.0011143108131363988
1,1,0.997765064239502
1,1,0.9643891453742981
0,0,0.03557591140270233
1,1,0.9972851276397705
1,1,0.9886195659637451
0,0,0.2894730269908905
1,1,0.9934913516044617
0,0,0.08203814178705215
1,1,0.9938904047012329
0,0,0.004489797633141279
1,1,0.9579538106918335
0,0,0.0044118850491940975
0,0,0.008493423461914062
1,1,0.9939022064208984
1,1,0.9955019354820251
1,1,0.9680182337760925
0,0,0.0017732706619426608
1,1,0.815529465675354
0,0,0.04339635372161865
0,0,0.005345712415874004
